[
  {  
    "title": "How often should I service my HVAC system?",
    "desc": "It’s recommended to service your HVAC system at least once a year. Regular maintenance helps ensure efficiency and longevity."
  },
  {
    "title": "What are the signs that my HVAC system needs repair?",
    "desc": "Common signs include unusual noises, fluctuating temperatures, increased energy bills, and poor air quality."
  },
  {
     "title": "What should I do if my HVAC system breaks down?",
     "desc": "Turn off the system to prevent further damage, check the thermostat settings, and contact a qualified technician for repairs."
  },
  {
     "title": "What rebates are available to me?",
     "desc": "There are many municipality specific rebates currently running in British Columbia via FortisBC and CleanBC. Please contact a Boilers Burners and Beyond representative for further information."
  }
]
