[
  {
    "img": "/assets/img/cleanbc2.png",  
    "title": "Clean BC Heat Rebate",
    "desc": "In-depth diagnostic services to identify and resolve complex issues affecting your air your for a conditioning system's performance and reliability System assesmen upgrade recommendations, installation of new components.",
    "link": "https://www.betterhomesbc.ca/rebates/air-to-water-heat-pump-rebate/"
  },
  {
    "img": "/assets/img/fortis.png",  
    "title": "Fortis BC Heat Pump Rebate ",
    "desc": "Precise calibration of your air conditioning system to ensure balanced airflow and consistent an cooling throughout your home or office In-depth diagnostic services to identify and resolve you complex issues affecting your air conditioning",
    "link": "https://www.fortisbc.com/rebates/home/air-source-heat-pump-rebate"
  }
]
