[
  {
    "img": "/assets/img/icons/why_chose_us_5.svg",   
    "title": "Expert Technicians",
    "desc": "Our Quick Cool Installation service provides fast and efficient."
  },
  {
    "img": "/assets/img/icons/why_chose_us_6.svg",   
    "title": "Flexible Scheduling",
    "desc": "Dust and debris can accumulate in your air conditioning system."
  },
  {
    "img": "/assets/img/icons/why_chose_us_7.svg",   
    "title": "Transparent Pricing",
    "desc": "Reducing its efficiency Our Chill Max Cleaning service."
  }
]
